iter	RMSE	AverageGain:top=10
0	0.1444710686	0.02263174603
1	0.1443264935	0.02603174603
2	0.1441776932	0.02793174603
3	0.1440346235	0.02853174603
4	0.1439035254	0.02903174603
5	0.1438052124	0.02933174603
6	0.1436979124	0.02983174603
7	0.1435679252	0.02953174603
8	0.1434465042	0.02943174603
9	0.1433299423	0.02923174603
10	0.1432004417	0.02963174603
11	0.1430643187	0.02993174603
12	0.1429569254	0.03003174603
13	0.1428677381	0.02973174603
14	0.1427462516	0.03003174603
15	0.1426018481	0.03013174603
16	0.1425004591	0.03003174603
17	0.1423952047	0.03003174603
18	0.1423021963	0.03023174603
19	0.1422053718	0.03023174603
20	0.1420748075	0.03013174603
21	0.141957143	0.03043174603
22	0.1418840116	0.03063174603
23	0.1418013223	0.03073174603
24	0.1417326334	0.03123174603
25	0.1416468903	0.03123174603
26	0.1415718373	0.03123174603
27	0.1414979232	0.03113174603
28	0.1414266601	0.03113174603
29	0.1413508889	0.03113174603
30	0.1412773575	0.03123174603
31	0.1412135691	0.03123174603
32	0.1411352834	0.03123174603
33	0.1410694779	0.03123174603
34	0.1410025657	0.03123174603
35	0.1409765656	0.03113174603
36	0.1408892598	0.03133174603
37	0.1408023653	0.03133174603
38	0.1407109545	0.03103174603
39	0.1406395185	0.03103174603
40	0.1405793635	0.03103174603
41	0.1405360164	0.03113174603
42	0.1404679157	0.03113174603
43	0.1403962257	0.03113174603
44	0.1403312801	0.03113174603
45	0.1402952542	0.03113174603
46	0.1402520426	0.03123174603
47	0.1401788312	0.03133174603
48	0.1401305893	0.03133174603
49	0.140064102	0.03123174603
50	0.1399817912	0.03123174603
51	0.1398654712	0.03123174603
52	0.1397845189	0.03123174603
53	0.1397118577	0.03133174603
54	0.1396343734	0.03123174603
55	0.1396043272	0.03133174603
56	0.1395532736	0.03133174603
57	0.1394936554	0.03153174603
58	0.1394165663	0.03153174603
59	0.1393568789	0.03143174603
60	0.1392663182	0.03143174603
61	0.1391499055	0.03173174603
62	0.1391064353	0.03173174603
63	0.1390153822	0.03163174603
64	0.1389441789	0.03173174603
65	0.138873986	0.03183174603
66	0.1388404928	0.03183174603
67	0.1387913668	0.03183174603
68	0.1387447598	0.03183174603
69	0.1386987039	0.03183174603
70	0.1386212306	0.03223174603
71	0.13858217	0.03223174603
72	0.1384985758	0.03233174603
73	0.1383927289	0.03233174603
74	0.1383443211	0.03233174603
75	0.1382984635	0.03233174603
76	0.138214144	0.03233174603
77	0.1381763322	0.03233174603
78	0.1381405397	0.03223174603
79	0.1381048868	0.03223174603
80	0.1380743482	0.03223174603
81	0.1380272751	0.03223174603
82	0.1379739112	0.03223174603
83	0.137883957	0.03233174603
84	0.1378174778	0.03243174603
85	0.1376588162	0.03253174603
86	0.1376262326	0.03253174603
87	0.1375409049	0.03253174603
88	0.1375069527	0.03253174603
89	0.1374369322	0.03263174603
90	0.1373825947	0.03253174603
91	0.1373075003	0.03253174603
92	0.1372434584	0.03263174603
93	0.1371890097	0.03263174603
94	0.1371397889	0.03273174603
95	0.1370848445	0.03263174603
96	0.137055139	0.03273174603
97	0.1370321586	0.03273174603
98	0.1369802425	0.03273174603
99	0.1369266598	0.03283174603
100	0.1368657298	0.03283174603
101	0.136806518	0.03283174603
102	0.1367895239	0.03283174603
103	0.1366987295	0.03303174603
104	0.1366789344	0.03303174603
105	0.1366187213	0.03303174603
106	0.1366034765	0.03293174603
107	0.1365216859	0.03293174603
108	0.1364999526	0.03303174603
109	0.1364335342	0.03293174603
110	0.1363535556	0.03303174603
111	0.1363205313	0.03303174603
112	0.13628923	0.03303174603
113	0.1362471911	0.03303174603
114	0.136231838	0.03293174603
115	0.1361459593	0.03293174603
116	0.1361206751	0.03303174603
117	0.1360639916	0.03323174603
118	0.1359858615	0.03323174603
119	0.135953688	0.03313174603
120	0.1359100261	0.03313174603
121	0.1358863633	0.03343174603
122	0.1358274152	0.03343174603
123	0.1358004436	0.03363174603
124	0.1357730264	0.03363174603
125	0.1357092648	0.03363174603
126	0.1356932628	0.03373174603
127	0.1356455389	0.03353174603
128	0.135622691	0.03353174603
129	0.135546331	0.03353174603
130	0.1355239934	0.03363174603
131	0.135458393	0.03363174603
132	0.1354157529	0.03353174603
133	0.1353609761	0.03383174603
134	0.1352849649	0.03383174603
135	0.1352003649	0.03383174603
136	0.1351640768	0.03383174603
137	0.1351022481	0.03393174603
138	0.1350313493	0.03393174603
139	0.1349915371	0.03413174603
140	0.1348643454	0.03413174603
141	0.1348364852	0.03413174603
142	0.1347910421	0.03413174603
143	0.1347365019	0.03403174603
144	0.1346638067	0.03413174603
145	0.134611764	0.03413174603
146	0.1345478841	0.03413174603
147	0.1345266609	0.03413174603
148	0.1344763164	0.03413174603
149	0.1344266256	0.03413174603
150	0.134337029	0.03413174603
151	0.1342984563	0.03413174603
152	0.1342750137	0.03413174603
153	0.1342413086	0.03413174603
154	0.1341921328	0.03413174603
155	0.1341748194	0.03413174603
156	0.1341113151	0.03423174603
157	0.1340619035	0.03423174603
158	0.1340113262	0.03423174603
159	0.1339368559	0.03433174603
160	0.1339094688	0.03433174603
161	0.1338893415	0.03433174603
162	0.1338711391	0.03433174603
163	0.1338200813	0.03423174603
164	0.1337812371	0.03423174603
165	0.1337517517	0.03423174603
166	0.1337000846	0.03413174603
167	0.1336872951	0.03413174603
168	0.1336584999	0.03413174603
169	0.1336226621	0.03423174603
170	0.1335673687	0.03433174603
171	0.1334623819	0.03433174603
172	0.1334422004	0.03433174603
173	0.1334172967	0.03433174603
174	0.1333672734	0.03433174603
175	0.1332707392	0.03433174603
176	0.1331967356	0.03433174603
177	0.1331049736	0.03433174603
178	0.1330766808	0.03433174603
179	0.133026931	0.03423174603
180	0.1329794935	0.03423174603
181	0.1329555668	0.03423174603
182	0.1329006974	0.03423174603
183	0.1328774137	0.03423174603
184	0.1328234747	0.03423174603
185	0.1327362593	0.03423174603
186	0.1327206761	0.03423174603
187	0.1326649961	0.03423174603
188	0.1326372673	0.03423174603
189	0.1326130802	0.03423174603
190	0.1325880975	0.03423174603
191	0.1325693473	0.03423174603
192	0.1325556199	0.03423174603
193	0.132479308	0.03423174603
194	0.1324640997	0.03423174603
195	0.1324259275	0.03423174603
196	0.1323314489	0.03423174603
197	0.1322277238	0.03423174603
198	0.1321663269	0.03423174603
199	0.1321405214	0.03423174603
200	0.1320537382	0.03423174603
201	0.1319601896	0.03433174603
202	0.1318748827	0.03423174603
203	0.1318640014	0.03423174603
204	0.1318272183	0.03423174603
205	0.1317539796	0.03423174603
206	0.1316901838	0.03423174603
207	0.131656574	0.03423174603
208	0.1316427719	0.03423174603
209	0.1315758928	0.03413174603
210	0.1315132027	0.03423174603
211	0.131451702	0.03423174603
212	0.1314277727	0.03423174603
213	0.1313434263	0.03413174603
214	0.1312979824	0.03423174603
215	0.1312779796	0.03423174603
216	0.1312260528	0.03423174603
217	0.1312042783	0.03423174603
218	0.1311800184	0.03423174603
219	0.1311657916	0.03423174603
220	0.1311320967	0.03423174603
221	0.1310619162	0.03423174603
222	0.1309927567	0.03423174603
223	0.1309627036	0.03423174603
224	0.1309315556	0.03423174603
225	0.1309157375	0.03423174603
226	0.1308867418	0.03423174603
227	0.1308730887	0.03423174603
228	0.1308460496	0.03423174603
229	0.1308326931	0.03423174603
230	0.130756989	0.03423174603
231	0.1306709275	0.03413174603
232	0.1306310881	0.03413174603
233	0.1305733503	0.03413174603
234	0.1304874929	0.03423174603
235	0.1304228559	0.03423174603
236	0.1304050334	0.03423174603
237	0.1303764419	0.03433174603
238	0.1303282679	0.03433174603
239	0.1302861568	0.03433174603
240	0.1302623577	0.03433174603
241	0.1301665848	0.03433174603
242	0.1301409576	0.03433174603
243	0.1300750146	0.03443174603
244	0.1300552629	0.03443174603
245	0.1300340946	0.03443174603
246	0.1299986564	0.03443174603
247	0.1299580774	0.03443174603
248	0.1299267332	0.03443174603
249	0.129857314	0.03443174603
250	0.1298406749	0.03443174603
251	0.1298129453	0.03443174603
252	0.1297633711	0.03443174603
253	0.1297444558	0.03443174603
254	0.1297174329	0.03443174603
255	0.1296947474	0.03443174603
256	0.1296682397	0.03443174603
257	0.1296371882	0.03443174603
258	0.1295789788	0.03443174603
259	0.1295620679	0.03443174603
260	0.1295067422	0.03443174603
261	0.129482201	0.03443174603
262	0.1294706054	0.03443174603
263	0.1294037399	0.03443174603
264	0.1293786115	0.03443174603
265	0.1293353255	0.03433174603
266	0.1293020843	0.03433174603
267	0.1292112893	0.03453174603
268	0.1291856638	0.03453174603
269	0.1291720449	0.03453174603
270	0.129142153	0.03453174603
271	0.1291156576	0.03453174603
272	0.1290833309	0.03453174603
273	0.1290404909	0.03453174603
274	0.1290163325	0.03453174603
275	0.1289730847	0.03453174603
276	0.1289420977	0.03453174603
277	0.1289172669	0.03453174603
278	0.1289037335	0.03453174603
279	0.1288859738	0.03453174603
280	0.1288324527	0.03453174603
281	0.1287935698	0.03453174603
282	0.1287555705	0.03453174603
283	0.128720237	0.03463174603
284	0.128694617	0.03453174603
285	0.1286786829	0.03453174603
286	0.1286475406	0.03453174603
287	0.1286195994	0.03453174603
288	0.1285885468	0.03453174603
289	0.1285700308	0.03453174603
290	0.1285507209	0.03453174603
291	0.1285100897	0.03453174603
292	0.1284879585	0.03453174603
293	0.1283988841	0.03463174603
294	0.128325793	0.03463174603
295	0.1282798472	0.03463174603
296	0.1282228229	0.03473174603
297	0.1282035626	0.03473174603
298	0.1281512949	0.03473174603
299	0.1281386822	0.03473174603
300	0.1281148777	0.03463174603
301	0.1280974392	0.03463174603
302	0.1279996692	0.03463174603
303	0.1279009199	0.03463174603
304	0.1278307874	0.03473174603
305	0.1278071203	0.03473174603
306	0.1277918023	0.03473174603
307	0.1277228858	0.03473174603
308	0.1276979636	0.03473174603
309	0.1276101814	0.03473174603
310	0.1275092406	0.03463174603
311	0.1274581798	0.03483174603
312	0.1273971406	0.03483174603
313	0.1273405143	0.03483174603
314	0.1272554034	0.03483174603
315	0.1271737728	0.03483174603
316	0.1271501668	0.03483174603
317	0.1271149724	0.03483174603
318	0.1270487329	0.03483174603
319	0.127004404	0.03483174603
320	0.1269696982	0.03483174603
321	0.12694632	0.03483174603
322	0.1268447804	0.03493174603
323	0.1268338483	0.03493174603
324	0.1267997651	0.03493174603
325	0.1267678462	0.03493174603
326	0.126741293	0.03483174603
327	0.1267288792	0.03483174603
328	0.1266700684	0.03483174603
329	0.1266421578	0.03483174603
330	0.1265998983	0.03483174603
331	0.1265419292	0.03483174603
332	0.1264988737	0.03483174603
333	0.1264919743	0.03483174603
334	0.1264641271	0.03483174603
335	0.1264098177	0.03483174603
336	0.126377923	0.03483174603
337	0.1262694498	0.03493174603
338	0.1262604123	0.03493174603
339	0.1261996414	0.03493174603
340	0.1261529308	0.03493174603
341	0.1261040677	0.03493174603
342	0.1260800197	0.03493174603
343	0.1260039221	0.03493174603
344	0.1259428013	0.03493174603
345	0.1258661775	0.03493174603
346	0.1258498586	0.03493174603
347	0.125808682	0.03493174603
348	0.1257288144	0.03493174603
349	0.1256890946	0.03493174603
350	0.1256686523	0.03493174603
351	0.1256291908	0.03493174603
352	0.1255765707	0.03493174603
353	0.1255661966	0.03493174603
354	0.1255352231	0.03493174603
355	0.1255002977	0.03493174603
356	0.1254684359	0.03493174603
357	0.1253756245	0.03493174603
358	0.125329584	0.03493174603
359	0.1252794349	0.03493174603
360	0.1252622992	0.03493174603
361	0.125227795	0.03493174603
362	0.1251840167	0.03493174603
363	0.1250861126	0.03493174603
364	0.1250677588	0.03493174603
365	0.1250464929	0.03493174603
366	0.1249549649	0.03493174603
367	0.1249019581	0.03493174603
368	0.1248814524	0.03493174603
369	0.1248045151	0.03493174603
370	0.1247725045	0.03493174603
371	0.1247557815	0.03493174603
372	0.1247360158	0.03493174603
373	0.1246831601	0.03503174603
374	0.1245960254	0.03503174603
375	0.1245770992	0.03503174603
376	0.1245341336	0.03503174603
377	0.124498918	0.03503174603
378	0.1244580069	0.03503174603
379	0.1244247923	0.03503174603
380	0.1243993369	0.03503174603
381	0.1243155454	0.03503174603
382	0.1242507996	0.03503174603
383	0.1242319399	0.03503174603
384	0.1242227275	0.03503174603
385	0.1241596278	0.03503174603
386	0.1241340707	0.03503174603
387	0.1241183498	0.03503174603
388	0.1240335283	0.03503174603
389	0.1239644956	0.03503174603
390	0.1239272068	0.03503174603
391	0.1239110961	0.03503174603
392	0.123834314	0.03503174603
393	0.1237994554	0.03503174603
394	0.1237296674	0.03503174603
395	0.1236992021	0.03503174603
396	0.1236835289	0.03503174603
397	0.12365087	0.03503174603
398	0.1236436782	0.03503174603
399	0.123617963	0.03503174603
400	0.1235994442	0.03503174603
401	0.1235842141	0.03503174603
402	0.1235670686	0.03503174603
403	0.1235520133	0.03503174603
404	0.1234844264	0.03503174603
405	0.1234496465	0.03503174603
406	0.1234190258	0.03503174603
407	0.1233601168	0.03503174603
408	0.12330233	0.03503174603
409	0.1232446697	0.03503174603
410	0.1231893415	0.03503174603
411	0.1231432628	0.03503174603
412	0.1230629408	0.03503174603
413	0.1230091703	0.03503174603
414	0.1229672483	0.03503174603
415	0.1229189464	0.03503174603
416	0.1228357058	0.03513174603
417	0.1227846031	0.03513174603
418	0.1227539926	0.03513174603
419	0.1227179939	0.03513174603
420	0.1226869952	0.03513174603
421	0.1226067103	0.03513174603
422	0.122567641	0.03513174603
423	0.1225501823	0.03513174603
424	0.1225432091	0.03513174603
425	0.1225254867	0.03513174603
426	0.1224619503	0.03513174603
427	0.122430595	0.03513174603
428	0.1223624615	0.03513174603
429	0.1223036625	0.03513174603
430	0.1222566423	0.03513174603
431	0.1222112592	0.03513174603
432	0.1222061766	0.03513174603
433	0.1221969588	0.03513174603
434	0.1221640414	0.03513174603
435	0.1221086438	0.03513174603
436	0.1220562768	0.03513174603
437	0.1220371482	0.03513174603
438	0.1220130707	0.03513174603
439	0.121998366	0.03513174603
440	0.1219851173	0.03513174603
441	0.1219580112	0.03513174603
442	0.1219499242	0.03513174603
443	0.1219367842	0.03513174603
444	0.1219168256	0.03513174603
445	0.1218397457	0.03523174603
446	0.121809873	0.03523174603
447	0.1216966034	0.03523174603
448	0.121679303	0.03523174603
449	0.1216253469	0.03523174603
450	0.1216050481	0.03523174603
451	0.121584288	0.03523174603
452	0.1215476597	0.03533174603
453	0.1215198795	0.03533174603
454	0.1214654827	0.03533174603
455	0.1214217957	0.03523174603
456	0.1213796834	0.03523174603
457	0.1213254003	0.03523174603
458	0.1213131565	0.03523174603
459	0.1213008257	0.03533174603
460	0.1212451448	0.03523174603
461	0.1212320835	0.03523174603
462	0.1212196003	0.03523174603
463	0.1212109679	0.03523174603
464	0.1211532186	0.03533174603
465	0.1211203772	0.03533174603
466	0.1210746689	0.03533174603
467	0.121045319	0.03533174603
468	0.1210108071	0.03533174603
469	0.1209829328	0.03533174603
470	0.1209708766	0.03533174603
471	0.120930381	0.03533174603
472	0.1208502505	0.03523174603
473	0.1208061037	0.03523174603
474	0.1207241266	0.03523174603
475	0.1207077252	0.03523174603
476	0.1206537136	0.03523174603
477	0.1206126539	0.03533174603
478	0.1205728634	0.03523174603
479	0.1205568451	0.03523174603
480	0.1205228059	0.03523174603
481	0.1204790623	0.03533174603
482	0.1204541274	0.03523174603
483	0.1204287435	0.03523174603
484	0.1203727079	0.03523174603
485	0.1203482959	0.03523174603
486	0.1203163786	0.03523174603
487	0.1202911786	0.03523174603
488	0.1202659133	0.03523174603
489	0.1202145982	0.03523174603
490	0.1201563193	0.03523174603
491	0.1200742711	0.03523174603
492	0.1200081591	0.03533174603
493	0.1199410613	0.03533174603
494	0.1199217029	0.03533174603
495	0.1198816811	0.03533174603
496	0.1198785714	0.03533174603
497	0.1198601441	0.03533174603
498	0.1198027538	0.03533174603
499	0.1197052663	0.03533174603
500	0.1196731784	0.03533174603
501	0.119661371	0.03533174603
502	0.1196435652	0.03533174603
503	0.1196333872	0.03533174603
504	0.1195936664	0.03533174603
505	0.1195784205	0.03533174603
506	0.1195316303	0.03533174603
507	0.1194843609	0.03533174603
508	0.1194745453	0.03533174603
509	0.1194395752	0.03533174603
510	0.1194281557	0.03533174603
511	0.1194076521	0.03533174603
512	0.1193635676	0.03533174603
513	0.1192852235	0.03533174603
514	0.1192679981	0.03533174603
515	0.1192491897	0.03533174603
516	0.1192276262	0.03533174603
517	0.1191899295	0.03533174603
518	0.1191787855	0.03533174603
519	0.1191099797	0.03533174603
520	0.119042854	0.03533174603
521	0.1189992185	0.03533174603
522	0.1189810463	0.03533174603
523	0.1189260794	0.03533174603
524	0.1189037509	0.03533174603
525	0.1188641682	0.03533174603
526	0.1188185537	0.03533174603
527	0.1187947817	0.03533174603
528	0.1187319654	0.03533174603
529	0.118675812	0.03533174603
530	0.1186234021	0.03533174603
531	0.1186091472	0.03533174603
532	0.1185789446	0.03533174603
533	0.1185271873	0.03533174603
534	0.1184986873	0.03533174603
535	0.1184519724	0.03533174603
536	0.1184347077	0.03533174603
537	0.1184009801	0.03533174603
538	0.1183432893	0.03533174603
539	0.1183228935	0.03533174603
540	0.1183012235	0.03533174603
541	0.1182542578	0.03533174603
542	0.118215733	0.03533174603
543	0.1181716691	0.03533174603
544	0.118077901	0.03533174603
545	0.1180228918	0.03533174603
546	0.1180034806	0.03533174603
547	0.1179655789	0.03533174603
548	0.1179458985	0.03533174603
549	0.1179283847	0.03533174603
550	0.1179215123	0.03533174603
551	0.1178648165	0.03533174603
552	0.1178542922	0.03533174603
553	0.1178043883	0.03533174603
554	0.1177876011	0.03533174603
555	0.1177433175	0.03533174603
556	0.1176852478	0.03533174603
557	0.1176481131	0.03533174603
558	0.1176392329	0.03533174603
559	0.1176210931	0.03533174603
560	0.1175638407	0.03533174603
561	0.117537023	0.03533174603
562	0.117514549	0.03533174603
563	0.1174736283	0.03533174603
564	0.1174639999	0.03533174603
565	0.117397735	0.03533174603
566	0.1173705791	0.03533174603
567	0.1173395159	0.03533174603
568	0.1172444161	0.03533174603
569	0.1171648755	0.03533174603
570	0.1171330547	0.03533174603
571	0.1171168061	0.03533174603
572	0.1170881695	0.03533174603
573	0.117028982	0.03533174603
574	0.117013264	0.03533174603
575	0.1169734862	0.03533174603
576	0.1169634701	0.03533174603
577	0.1169546728	0.03533174603
578	0.1169371194	0.03533174603
579	0.1169211684	0.03533174603
580	0.1169087015	0.03533174603
581	0.1168966479	0.03533174603
582	0.11687939	0.03533174603
583	0.1168601739	0.03533174603
584	0.116841245	0.03533174603
585	0.1168164338	0.03533174603
586	0.1168104871	0.03533174603
587	0.1167676678	0.03533174603
588	0.1167592242	0.03533174603
589	0.1167272488	0.03533174603
590	0.1167009329	0.03533174603
591	0.1166118509	0.03533174603
592	0.1165986667	0.03533174603
593	0.1165904415	0.03533174603
594	0.1165788534	0.03533174603
595	0.1165332225	0.03533174603
596	0.1164956109	0.03533174603
597	0.1164460566	0.03533174603
598	0.1163925558	0.03533174603
599	0.116337855	0.03533174603
600	0.1162979384	0.03533174603
601	0.1162872816	0.03533174603
602	0.1162664162	0.03543174603
603	0.1162454044	0.03543174603
604	0.1161947865	0.03543174603
605	0.1161610468	0.03543174603
606	0.1161146873	0.03543174603
607	0.1160884852	0.03543174603
608	0.1160398409	0.03543174603
609	0.115999045	0.03543174603
610	0.1159318958	0.03543174603
611	0.115911394	0.03543174603
612	0.1158888216	0.03543174603
613	0.1158373946	0.03543174603
614	0.1158190792	0.03543174603
615	0.1158111699	0.03553174603
616	0.1157750498	0.03553174603
617	0.1157122992	0.03543174603
618	0.1156951043	0.03543174603
619	0.1156772867	0.03543174603
620	0.1155882262	0.03543174603
621	0.1155455216	0.03543174603
622	0.1155378415	0.03543174603
623	0.1154926081	0.03543174603
624	0.115434868	0.03543174603
625	0.1154077804	0.03553174603
626	0.1153649374	0.03553174603
627	0.1153574821	0.03553174603
628	0.1153239764	0.03553174603
629	0.1152643104	0.03543174603
630	0.1152554949	0.03543174603
631	0.1152303154	0.03543174603
632	0.1152086356	0.03543174603
633	0.1152014205	0.03553174603
634	0.1151844945	0.03553174603
635	0.1151453983	0.03553174603
636	0.1150996874	0.03553174603
637	0.1150912578	0.03553174603
638	0.1150581132	0.03553174603
639	0.1150188747	0.03553174603
640	0.1149592438	0.03553174603
641	0.1148856498	0.03553174603
642	0.1148535415	0.03553174603
643	0.114837187	0.03553174603
644	0.1148289851	0.03553174603
645	0.1148005016	0.03553174603
646	0.1147549125	0.03563174603
647	0.1147426667	0.03563174603
648	0.1146723027	0.03563174603
649	0.1146297083	0.03563174603
650	0.1145698788	0.03563174603
651	0.1145596945	0.03563174603
652	0.1145015726	0.03563174603
653	0.1144646107	0.03563174603
654	0.1144320295	0.03563174603
655	0.1143661442	0.03553174603
656	0.1143408648	0.03553174603
657	0.1143216602	0.03553174603
658	0.1142503174	0.03553174603
659	0.1142051225	0.03553174603
660	0.1141399415	0.03553174603
661	0.1141060568	0.03563174603
662	0.1140917551	0.03563174603
663	0.1140510151	0.03563174603
664	0.1140228928	0.03563174603
665	0.1139757338	0.03563174603
666	0.1139093336	0.03563174603
667	0.1138800718	0.03563174603
668	0.1138621794	0.03563174603
669	0.1137916915	0.03563174603
670	0.1137491356	0.03563174603
671	0.1137421683	0.03563174603
672	0.113670931	0.03563174603
673	0.1136243825	0.03563174603
674	0.1136050893	0.03563174603
675	0.1135934389	0.03563174603
676	0.1135603501	0.03563174603
677	0.1135525838	0.03563174603
678	0.1134999193	0.03563174603
679	0.1134514318	0.03563174603
680	0.1134338639	0.03563174603
681	0.1134077722	0.03563174603
682	0.1133872774	0.03563174603
683	0.1133490171	0.03563174603
684	0.1133215007	0.03563174603
685	0.1132437326	0.03563174603
686	0.1132376704	0.03563174603
687	0.1132314355	0.03563174603
688	0.1132042944	0.03563174603
689	0.1131588047	0.03563174603
690	0.1131420044	0.03563174603
691	0.1130597938	0.03563174603
692	0.1130262762	0.03563174603
693	0.1130088833	0.03563174603
694	0.1129448052	0.03563174603
695	0.112901638	0.03563174603
696	0.1128733066	0.03563174603
697	0.1128050293	0.03563174603
698	0.1127532772	0.03563174603
699	0.1126777615	0.03563174603
700	0.1126623254	0.03563174603
701	0.1126197555	0.03563174603
702	0.1125440979	0.03563174603
703	0.1125093462	0.03563174603
704	0.1124629646	0.03563174603
705	0.11241929	0.03563174603
706	0.1123610403	0.03563174603
707	0.1123333482	0.03563174603
708	0.1122988625	0.03563174603
709	0.1122604846	0.03563174603
710	0.1121983775	0.03563174603
711	0.1121434315	0.03563174603
712	0.1121362898	0.03563174603
713	0.1121096314	0.03563174603
714	0.1120454155	0.03563174603
715	0.1120252229	0.03563174603
716	0.1119906659	0.03563174603
717	0.1119432974	0.03563174603
718	0.1119246415	0.03563174603
719	0.1118899253	0.03563174603
720	0.1118758193	0.03563174603
721	0.1118440071	0.03563174603
722	0.1117978512	0.03563174603
723	0.1117690028	0.03563174603
724	0.111728454	0.03563174603
725	0.111719608	0.03563174603
726	0.1116883777	0.03563174603
727	0.1116570033	0.03563174603
728	0.1116466387	0.03563174603
729	0.1115631134	0.03563174603
730	0.1115560262	0.03563174603
731	0.1115449941	0.03563174603
732	0.1114885277	0.03563174603
733	0.1114494696	0.03563174603
734	0.11144061	0.03563174603
735	0.1114243993	0.03563174603
736	0.1113847838	0.03563174603
737	0.1113425444	0.03563174603
738	0.1113258259	0.03563174603
739	0.1112980739	0.03563174603
740	0.1112307209	0.03563174603
741	0.1112246648	0.03563174603
742	0.1111906387	0.03563174603
743	0.1111377299	0.03563174603
744	0.1110615325	0.03563174603
745	0.1110114229	0.03563174603
746	0.1109967874	0.03563174603
747	0.1109549144	0.03563174603
748	0.1109117004	0.03563174603
749	0.1108773619	0.03563174603
750	0.1108708052	0.03563174603
751	0.1108649654	0.03563174603
752	0.1107931363	0.03563174603
753	0.1107370962	0.03563174603
754	0.1107227384	0.03563174603
755	0.1107049971	0.03563174603
756	0.1106873506	0.03563174603
757	0.1106671682	0.03563174603
758	0.1106421587	0.03563174603
759	0.110616647	0.03563174603
760	0.1106017863	0.03563174603
761	0.1105646195	0.03563174603
762	0.1105300117	0.03563174603
763	0.1104774099	0.03563174603
764	0.1104536176	0.03563174603
765	0.1104322649	0.03563174603
766	0.1103745299	0.03563174603
767	0.1103171095	0.03563174603
768	0.1102572497	0.03563174603
769	0.1102280247	0.03563174603
770	0.1101631561	0.03563174603
771	0.1101285989	0.03563174603
772	0.1100982922	0.03563174603
773	0.110080829	0.03563174603
774	0.1100751938	0.03563174603
775	0.1100539834	0.03563174603
776	0.1100405484	0.03563174603
777	0.1099912122	0.03563174603
778	0.1099634459	0.03563174603
779	0.1099119633	0.03563174603
780	0.1098514618	0.03563174603
781	0.1098166644	0.03563174603
782	0.1097763503	0.03563174603
783	0.1097185197	0.03563174603
784	0.1097001053	0.03563174603
785	0.109675773	0.03563174603
786	0.1096092254	0.03563174603
787	0.1095578296	0.03563174603
788	0.1095080715	0.03563174603
789	0.1094806342	0.03563174603
790	0.1094554833	0.03563174603
791	0.1094115521	0.03563174603
792	0.1093807162	0.03563174603
793	0.1093522534	0.03563174603
794	0.1093383586	0.03563174603
795	0.1093063577	0.03563174603
796	0.1092939119	0.03563174603
797	0.1092400466	0.03563174603
798	0.109168871	0.03563174603
799	0.109146312	0.03563174603
800	0.1091148721	0.03563174603
801	0.1090741016	0.03563174603
802	0.1090555785	0.03563174603
803	0.1090272811	0.03563174603
804	0.1089937338	0.03563174603
805	0.1089783889	0.03563174603
806	0.1089731849	0.03563174603
807	0.1089478548	0.03573174603
808	0.1088873176	0.03573174603
809	0.1088107201	0.03573174603
810	0.1087818234	0.03573174603
811	0.1087436731	0.03573174603
812	0.1087224655	0.03573174603
813	0.1087027972	0.03573174603
814	0.1086847001	0.03573174603
815	0.1086385871	0.03573174603
816	0.108604058	0.03583174603
817	0.1085626715	0.03573174603
818	0.1085435003	0.03573174603
819	0.1084856838	0.03573174603
820	0.1084723292	0.03573174603
821	0.108413561	0.03573174603
822	0.1083560186	0.03573174603
823	0.1083471276	0.03573174603
824	0.1083340943	0.03573174603
825	0.1082785602	0.03573174603
826	0.1082595383	0.03573174603
827	0.1082169371	0.03583174603
828	0.1081639941	0.03583174603
829	0.1081468279	0.03583174603
830	0.1081191981	0.03583174603
831	0.1080600738	0.03583174603
832	0.108031365	0.03583174603
833	0.1079725154	0.03583174603
834	0.1079465338	0.03583174603
835	0.107922995	0.03583174603
836	0.1078840502	0.03583174603
837	0.1078521505	0.03583174603
838	0.1078029946	0.03583174603
839	0.1077676514	0.03583174603
840	0.1077198063	0.03583174603
841	0.1076960644	0.03583174603
842	0.1076783608	0.03583174603
843	0.1076361745	0.03583174603
844	0.1076034772	0.03583174603
845	0.1075625111	0.03583174603
846	0.1075326962	0.03583174603
847	0.1074714328	0.03583174603
848	0.1074483905	0.03583174603
849	0.1074125624	0.03583174603
850	0.1073303289	0.03583174603
851	0.1073178887	0.03583174603
852	0.1072975213	0.03583174603
853	0.1072729864	0.03583174603
854	0.1072231084	0.03583174603
855	0.1071921126	0.03583174603
856	0.1071627576	0.03583174603
857	0.1071483699	0.03583174603
858	0.1071403456	0.03583174603
859	0.1071342891	0.03583174603
860	0.1071086418	0.03583174603
861	0.1070454351	0.03583174603
862	0.1070283483	0.03583174603
863	0.107016121	0.03583174603
864	0.1069930955	0.03583174603
865	0.1069784664	0.03583174603
866	0.1069433949	0.03583174603
867	0.1069189559	0.03583174603
868	0.1068806591	0.03583174603
869	0.1068468526	0.03583174603
870	0.1068419753	0.03583174603
871	0.1068124195	0.03583174603
872	0.1067589384	0.03583174603
873	0.1067187481	0.03583174603
874	0.1066888898	0.03583174603
875	0.1066129434	0.03583174603
876	0.1065997334	0.03583174603
877	0.1065497065	0.03583174603
878	0.1065326627	0.03583174603
879	0.1064790207	0.03583174603
880	0.1064421738	0.03583174603
881	0.1064374137	0.03583174603
882	0.1063994594	0.03573174603
883	0.1063759447	0.03573174603
884	0.1063227146	0.03573174603
885	0.1062949036	0.03573174603
886	0.1062779856	0.03573174603
887	0.1062321362	0.03573174603
888	0.1061820359	0.03573174603
889	0.1061726188	0.03573174603
890	0.1061597234	0.03573174603
891	0.10612511	0.03573174603
892	0.1060950761	0.03573174603
893	0.106094829	0.03573174603
894	0.1060135318	0.03573174603
895	0.1059934693	0.03573174603
896	0.1059597264	0.03573174603
897	0.1059182125	0.03573174603
898	0.1058291211	0.03573174603
899	0.1057653685	0.03573174603
900	0.1057131689	0.03573174603
901	0.1057110774	0.03573174603
902	0.1056985931	0.03573174603
903	0.1056710403	0.03573174603
904	0.1056583884	0.03573174603
905	0.1056336239	0.03573174603
906	0.1056262568	0.03573174603
907	0.1056030851	0.03573174603
908	0.1055867924	0.03573174603
909	0.105559603	0.03573174603
910	0.1055200302	0.03573174603
911	0.1054884702	0.03573174603
912	0.1054765002	0.03573174603
913	0.1054650084	0.03573174603
914	0.1054351364	0.03573174603
915	0.1053988647	0.03573174603
916	0.1053678615	0.03573174603
917	0.1053579695	0.03573174603
918	0.105319781	0.03573174603
919	0.1052912332	0.03573174603
920	0.1052804914	0.03573174603
921	0.1052606247	0.03573174603
922	0.1052093943	0.03573174603
923	0.1051900944	0.03573174603
924	0.1051660075	0.03573174603
925	0.1051212458	0.03573174603
926	0.1050683226	0.03573174603
927	0.1050586872	0.03573174603
928	0.1050135609	0.03573174603
929	0.104951189	0.03573174603
930	0.1049097777	0.03573174603
931	0.1048549655	0.03573174603
932	0.1048163815	0.03573174603
933	0.104803197	0.03573174603
934	0.1047852175	0.03573174603
935	0.1047638281	0.03573174603
936	0.1047081395	0.03573174603
937	0.1046961229	0.03573174603
938	0.1046661323	0.03573174603
939	0.1046443403	0.03573174603
940	0.1045832217	0.03573174603
941	0.1045558848	0.03573174603
942	0.1045192689	0.03573174603
943	0.1044832844	0.03573174603
944	0.1044506684	0.03573174603
945	0.1044376179	0.03573174603
946	0.1044271783	0.03573174603
947	0.1043963688	0.03573174603
948	0.1043380806	0.03573174603
949	0.1043259198	0.03573174603
950	0.1042892949	0.03573174603
951	0.104260097	0.03573174603
952	0.1042547326	0.03573174603
953	0.1042419814	0.03573174603
954	0.1042367967	0.03573174603
955	0.1042295953	0.03573174603
956	0.1041995701	0.03573174603
957	0.1041545748	0.03573174603
958	0.1040796769	0.03573174603
959	0.1040663721	0.03573174603
960	0.1040405109	0.03573174603
961	0.1040095892	0.03573174603
962	0.1039352291	0.03573174603
963	0.1039120756	0.03573174603
964	0.1039010467	0.03573174603
965	0.1038794754	0.03573174603
966	0.1038520607	0.03573174603
967	0.1038127202	0.03573174603
968	0.1037918594	0.03573174603
969	0.1037703945	0.03573174603
970	0.1037254628	0.03573174603
971	0.1036883975	0.03573174603
972	0.1036760849	0.03573174603
973	0.1036591396	0.03573174603
974	0.1036086503	0.03573174603
975	0.1035230736	0.03573174603
976	0.1034994665	0.03573174603
977	0.1034850018	0.03573174603
978	0.1034592875	0.03573174603
979	0.1034471872	0.03573174603
980	0.1034429878	0.03573174603
981	0.1033782915	0.03573174603
982	0.1033642316	0.03573174603
983	0.1032996936	0.03573174603
984	0.1032380352	0.03573174603
985	0.1032142345	0.03573174603
986	0.1031910304	0.03573174603
987	0.1031699146	0.03573174603
988	0.1031126677	0.03573174603
989	0.1030901891	0.03573174603
990	0.1030745844	0.03573174603
991	0.1030400101	0.03573174603
992	0.1030313559	0.03573174603
993	0.1029549881	0.03573174603
994	0.1029453774	0.03573174603
995	0.1028882525	0.03573174603
996	0.1028773384	0.03573174603
997	0.1028316347	0.03573174603
998	0.102816496	0.03573174603
999	0.1027766285	0.03573174603
1000	0.1027561203	0.03573174603
1001	0.1027405797	0.03573174603
1002	0.1027287085	0.03573174603
1003	0.1027059877	0.03573174603
1004	0.1026925125	0.03573174603
1005	0.102672514	0.03573174603
1006	0.1026591826	0.03573174603
1007	0.1026388547	0.03573174603
1008	0.1026259261	0.03573174603
1009	0.1025729219	0.03573174603
1010	0.1025324292	0.03573174603
1011	0.1025191246	0.03573174603
1012	0.1024998784	0.03573174603
1013	0.1024744211	0.03573174603
1014	0.1024619757	0.03573174603
1015	0.1024164711	0.03573174603
1016	0.1023782186	0.03573174603
1017	0.1023061658	0.03573174603
1018	0.1022567959	0.03573174603
1019	0.1021991893	0.03573174603
1020	0.1021584898	0.03573174603
1021	0.102148783	0.03573174603
1022	0.1021037809	0.03573174603
1023	0.1019490462	0.03573174603
1024	0.1019395053	0.03573174603
1025	0.101868209	0.03583174603
1026	0.1018587526	0.03583174603
1027	0.10184364	0.03583174603
1028	0.1018281627	0.03583174603
1029	0.1018159866	0.03583174603
1030	0.1017695981	0.03583174603
1031	0.1017148528	0.03583174603
1032	0.1016842914	0.03583174603
1033	0.1016296139	0.03583174603
1034	0.1016153222	0.03583174603
1035	0.1016019263	0.03583174603
1036	0.1015917696	0.03583174603
1037	0.101573183	0.03583174603
1038	0.1015420237	0.03583174603
1039	0.1014475832	0.03583174603
1040	0.1014320269	0.03583174603
1041	0.1013791465	0.03583174603
1042	0.1013150393	0.03583174603
1043	0.1013058847	0.03583174603
1044	0.101289449	0.03583174603
1045	0.1012758258	0.03583174603
1046	0.10126347	0.03583174603
1047	0.101251759	0.03583174603
1048	0.1012072832	0.03583174603
1049	0.1011927105	0.03583174603
1050	0.1011744709	0.03583174603
1051	0.1011472103	0.03583174603
1052	0.1011081685	0.03583174603
1053	0.101095311	0.03583174603
1054	0.1010842186	0.03583174603
1055	0.1010547515	0.03583174603
1056	0.1010123688	0.03583174603
1057	0.1009883087	0.03583174603
1058	0.1009428952	0.03583174603
1059	0.1008766216	0.03583174603
1060	0.1008536412	0.03583174603
1061	0.1008294177	0.03583174603
1062	0.1007561274	0.03583174603
1063	0.1007451068	0.03583174603
1064	0.1007352134	0.03583174603
1065	0.1007270562	0.03583174603
1066	0.1007034143	0.03583174603
1067	0.1006675517	0.03583174603
1068	0.1006311904	0.03583174603
1069	0.1005890247	0.03583174603
1070	0.1005496752	0.03583174603
1071	0.1005021453	0.03583174603
1072	0.1004783344	0.03583174603
1073	0.100438934	0.03583174603
1074	0.1004192154	0.03583174603
1075	0.1004088131	0.03583174603
1076	0.1003598791	0.03583174603
1077	0.1003133076	0.03583174603
1078	0.1003063188	0.03583174603
1079	0.1002855639	0.03583174603
1080	0.1002308218	0.03583174603
1081	0.1001816839	0.03583174603
1082	0.1001225921	0.03583174603
1083	0.1000797471	0.03583174603
1084	0.1000677108	0.03583174603
1085	0.1000210445	0.03583174603
1086	0.1000005369	0.03583174603
1087	0.0999819467	0.03583174603
1088	0.09996164124	0.03583174603
1089	0.09994778114	0.03583174603
1090	0.0999006844	0.03583174603
1091	0.09988543665	0.03583174603
1092	0.09988128973	0.03583174603
1093	0.09982297566	0.03583174603
1094	0.09978820615	0.03583174603
1095	0.09971226167	0.03583174603
1096	0.09969580953	0.03583174603
1097	0.09968382507	0.03583174603
1098	0.09965660503	0.03583174603
1099	0.09960777912	0.03583174603
1100	0.09958463317	0.03583174603
1101	0.09954919095	0.03583174603
1102	0.09952777231	0.03583174603
1103	0.09949258916	0.03583174603
1104	0.09946472031	0.03583174603
1105	0.09945126761	0.03583174603
1106	0.09942236635	0.03583174603
1107	0.09939351507	0.03583174603
1108	0.09938624285	0.03583174603
1109	0.09936037169	0.03583174603
1110	0.09934870456	0.03583174603
1111	0.09933764069	0.03583174603
1112	0.09931988465	0.03583174603
1113	0.09930419728	0.03583174603
1114	0.09927447547	0.03583174603
1115	0.09926515985	0.03583174603
1116	0.0992086525	0.03583174603
1117	0.09918380159	0.03583174603
1118	0.09917437912	0.03583174603
1119	0.09913142327	0.03583174603
1120	0.09912314674	0.03583174603
1121	0.09908340831	0.03583174603
1122	0.09906172924	0.03583174603
1123	0.09901228436	0.03583174603
1124	0.09899692076	0.03583174603
1125	0.09898678487	0.03583174603
1126	0.09895809918	0.03583174603
1127	0.09893668486	0.03583174603
1128	0.09889371421	0.03583174603
1129	0.0988839586	0.03583174603
1130	0.09887729136	0.03583174603
1131	0.09885991267	0.03583174603
1132	0.09879742343	0.03583174603
1133	0.09874648299	0.03583174603
1134	0.09868205982	0.03583174603
1135	0.09864645017	0.03583174603
1136	0.09857637324	0.03583174603
1137	0.09856503526	0.03583174603
1138	0.09855796426	0.03583174603
1139	0.09849064431	0.03583174603
1140	0.09843706009	0.03583174603
1141	0.09843102588	0.03583174603
1142	0.09839340928	0.03583174603
1143	0.09836670183	0.03583174603
1144	0.09835729085	0.03583174603
1145	0.0983319725	0.03583174603
1146	0.09831096452	0.03583174603
1147	0.09829678541	0.03583174603
1148	0.09824018289	0.03583174603
1149	0.09818464208	0.03583174603
1150	0.09813442906	0.03583174603
1151	0.09804644469	0.03583174603
1152	0.09802535187	0.03583174603
1153	0.0980053705	0.03583174603
1154	0.09798559178	0.03583174603
1155	0.09795839013	0.03583174603
1156	0.0979352684	0.03583174603
1157	0.09789804334	0.03583174603
1158	0.09786329321	0.03583174603
1159	0.09785412864	0.03583174603
1160	0.09784729314	0.03583174603
1161	0.09782427792	0.03583174603
1162	0.09780318144	0.03583174603
1163	0.09779598245	0.03583174603
1164	0.09776071686	0.03583174603
1165	0.09771489829	0.03583174603
1166	0.09767222644	0.03583174603
1167	0.09764207168	0.03583174603
1168	0.09758927288	0.03583174603
1169	0.09752374032	0.03583174603
1170	0.09750379773	0.03583174603
1171	0.09746411589	0.03583174603
1172	0.09744093672	0.03583174603
1173	0.09742986591	0.03583174603
1174	0.09739604464	0.03583174603
1175	0.09736129987	0.03583174603
1176	0.0973397928	0.03583174603
1177	0.09730620133	0.03583174603
1178	0.09727090557	0.03583174603
1179	0.09726210361	0.03583174603
1180	0.09724198294	0.03583174603
1181	0.09720882152	0.03583174603
1182	0.09720093922	0.03583174603
1183	0.09718948533	0.03583174603
1184	0.09716083925	0.03583174603
1185	0.09711842589	0.03583174603
1186	0.0970746458	0.03583174603
1187	0.09706675699	0.03583174603
1188	0.09702807797	0.03583174603
1189	0.09701655817	0.03583174603
1190	0.09697503901	0.03583174603
1191	0.09696127717	0.03583174603
1192	0.0969109497	0.03583174603
1193	0.09687760762	0.03583174603
1194	0.09686343165	0.03583174603
1195	0.09685318582	0.03583174603
1196	0.09676529879	0.03583174603
1197	0.09673149177	0.03583174603
1198	0.09666478705	0.03583174603
1199	0.09662936929	0.03583174603
1200	0.09659549243	0.03583174603
1201	0.09654028116	0.03583174603
1202	0.09652651637	0.03583174603
1203	0.09650724183	0.03583174603
1204	0.09646043388	0.03583174603
1205	0.09644968923	0.03583174603
1206	0.09644125088	0.03583174603
1207	0.09642057027	0.03583174603
1208	0.09639068984	0.03583174603
1209	0.09638309209	0.03583174603
1210	0.09636714335	0.03583174603
1211	0.09633866238	0.03583174603
1212	0.0962969995	0.03583174603
1213	0.09628790701	0.03583174603
1214	0.09622188403	0.03583174603
1215	0.09621140333	0.03583174603
1216	0.09618554438	0.03583174603
1217	0.09614866214	0.03583174603
1218	0.0961413449	0.03583174603
1219	0.09613297455	0.03583174603
1220	0.09608523851	0.03583174603
1221	0.09603564045	0.03583174603
1222	0.09602322837	0.03583174603
1223	0.09597320276	0.03583174603
1224	0.09596802042	0.03583174603
1225	0.09596199784	0.03583174603
1226	0.09595661057	0.03583174603
1227	0.09592528506	0.03583174603
1228	0.09590490493	0.03583174603
1229	0.09588884773	0.03583174603
1230	0.09588177673	0.03583174603
1231	0.09582116761	0.03583174603
1232	0.09577455029	0.03583174603
1233	0.09574388843	0.03583174603
1234	0.09571481231	0.03583174603
1235	0.09570079825	0.03583174603
1236	0.09569229402	0.03583174603
1237	0.09566057475	0.03583174603
1238	0.09564000028	0.03583174603
1239	0.09559831604	0.03583174603
1240	0.09557691394	0.03583174603
1241	0.0955510071	0.03583174603
1242	0.09552611246	0.03583174603
1243	0.09551886044	0.03583174603
1244	0.09547398021	0.03583174603
1245	0.09542811682	0.03583174603
1246	0.09537888133	0.03583174603
1247	0.09535717066	0.03583174603
1248	0.09534079791	0.03583174603
1249	0.09528195689	0.03583174603
1250	0.09526536472	0.03583174603
1251	0.09524382302	0.03583174603
1252	0.09519080056	0.03583174603
1253	0.09515169167	0.03583174603
1254	0.09514529228	0.03583174603
1255	0.09512676427	0.03583174603
1256	0.09509127956	0.03583174603
1257	0.09503228453	0.03583174603
1258	0.09502172709	0.03583174603
1259	0.09500337256	0.03583174603
1260	0.09496608248	0.03583174603
1261	0.0949061052	0.03583174603
1262	0.09489682947	0.03583174603
1263	0.09487159112	0.03583174603
1264	0.0948584779	0.03583174603
1265	0.09484567578	0.03583174603
1266	0.09483811132	0.03583174603
1267	0.09482796441	0.03583174603
1268	0.09481449276	0.03583174603
1269	0.09480359356	0.03583174603
1270	0.09477649128	0.03583174603
1271	0.0947290106	0.03583174603
1272	0.09470247237	0.03583174603
1273	0.09467494575	0.03583174603
1274	0.0946326498	0.03583174603
1275	0.0945873757	0.03583174603
1276	0.09457550306	0.03583174603
1277	0.0945485321	0.03583174603
1278	0.09452186179	0.03583174603
1279	0.09446171978	0.03583174603
1280	0.094446321	0.03583174603
1281	0.09443475053	0.03583174603
1282	0.09439426528	0.03583174603
1283	0.09435459774	0.03583174603
1284	0.09432902598	0.03583174603
1285	0.09430565064	0.03583174603
1286	0.09425726073	0.03583174603
1287	0.09422922606	0.03583174603
1288	0.09421335796	0.03583174603
1289	0.09419323207	0.03583174603
1290	0.09417757674	0.03583174603
1291	0.0941510444	0.03583174603
1292	0.0941005519	0.03583174603
1293	0.0940895263	0.03583174603
1294	0.09405725351	0.03583174603
1295	0.09403424246	0.03583174603
1296	0.09400856884	0.03583174603
1297	0.09397658659	0.03583174603
1298	0.09392533142	0.03583174603
1299	0.09390923147	0.03583174603
1300	0.093903551	0.03583174603
1301	0.09386786538	0.03583174603
1302	0.09383928186	0.03583174603
1303	0.09380361919	0.03583174603
1304	0.09379333937	0.03583174603
1305	0.0937752845	0.03583174603
1306	0.09375962625	0.03583174603
1307	0.09371512376	0.03583174603
1308	0.09370988567	0.03583174603
1309	0.09368414929	0.03583174603
1310	0.09367750286	0.03583174603
1311	0.09367317592	0.03583174603
1312	0.09364010736	0.03583174603
1313	0.09361537562	0.03583174603
1314	0.09360404324	0.03583174603
1315	0.09357406673	0.03583174603
1316	0.09354372552	0.03583174603
1317	0.09352773665	0.03583174603
1318	0.09351941754	0.03583174603
1319	0.09351357093	0.03583174603
1320	0.09347055205	0.03583174603
1321	0.0933692994	0.03583174603
1322	0.09333402887	0.03583174603
1323	0.09329088322	0.03583174603
1324	0.09325585464	0.03583174603
1325	0.09322777414	0.03583174603
1326	0.09322150792	0.03583174603
1327	0.09320168093	0.03583174603
1328	0.09315008641	0.03583174603
1329	0.09311660494	0.03583174603
1330	0.09308746589	0.03583174603
1331	0.09306659622	0.03583174603
1332	0.09303452705	0.03583174603
1333	0.09299275597	0.03583174603
1334	0.09296637115	0.03583174603
1335	0.09290944005	0.03583174603
1336	0.09289958049	0.03583174603
1337	0.09287639463	0.03583174603
1338	0.0928613155	0.03583174603
1339	0.09283537168	0.03583174603
1340	0.09282024459	0.03583174603
1341	0.09279406221	0.03583174603
1342	0.09276128259	0.03583174603
1343	0.09274669272	0.03583174603
1344	0.09272684088	0.03583174603
1345	0.09271770271	0.03583174603
1346	0.09271107268	0.03583174603
1347	0.09267884266	0.03583174603
1348	0.09266913809	0.03583174603
1349	0.09262679723	0.03583174603
1350	0.09262058899	0.03583174603
1351	0.09259762478	0.03583174603
1352	0.0925802927	0.03583174603
1353	0.092559492	0.03583174603
1354	0.09253401954	0.03583174603
1355	0.09251951594	0.03583174603
1356	0.09249514651	0.03583174603
1357	0.09245394179	0.03583174603
1358	0.09244019987	0.03583174603
1359	0.09240588014	0.03583174603
1360	0.09238219954	0.03583174603
1361	0.0923438024	0.03583174603
1362	0.09230383995	0.03583174603
1363	0.09221032236	0.03583174603
1364	0.09219231839	0.03583174603
1365	0.0921717867	0.03583174603
1366	0.09214684815	0.03583174603
1367	0.09209773317	0.03583174603
1368	0.09206526204	0.03583174603
1369	0.09202163052	0.03583174603
1370	0.09198660053	0.03583174603
1371	0.09195769697	0.03583174603
1372	0.091938619	0.03583174603
1373	0.09191452491	0.03583174603
1374	0.09188365182	0.03583174603
1375	0.09185404256	0.03583174603
1376	0.09183781555	0.03583174603
1377	0.09182668669	0.03583174603
1378	0.09178760504	0.03583174603
1379	0.09176579084	0.03583174603
1380	0.09174022199	0.03583174603
1381	0.09171306087	0.03583174603
1382	0.09169082952	0.03583174603
1383	0.09166356753	0.03583174603
1384	0.09164241042	0.03583174603
1385	0.09160480756	0.03583174603
1386	0.09155898453	0.03583174603
1387	0.09153437967	0.03583174603
1388	0.09147650973	0.03583174603
1389	0.09144589148	0.03583174603
1390	0.09141195337	0.03583174603
1391	0.09139799369	0.03583174603
1392	0.09136725258	0.03583174603
1393	0.09134332035	0.03583174603
1394	0.09131660568	0.03583174603
1395	0.09130620812	0.03583174603
1396	0.09130229332	0.03583174603
1397	0.09129055117	0.03583174603
1398	0.09122822118	0.03583174603
1399	0.09120773904	0.03583174603
1400	0.09113632396	0.03583174603
1401	0.09107732278	0.03583174603
1402	0.09105425935	0.03583174603
1403	0.09102554257	0.03583174603
1404	0.0910216439	0.03583174603
1405	0.09100592567	0.03583174603
1406	0.09098384452	0.03583174603
1407	0.09096779773	0.03583174603
1408	0.09092977817	0.03583174603
1409	0.09087019619	0.03583174603
1410	0.09084624386	0.03583174603
1411	0.09082576707	0.03583174603
1412	0.09079026192	0.03583174603
1413	0.09076337668	0.03583174603
1414	0.09074024179	0.03583174603
1415	0.09071771108	0.03583174603
1416	0.09069143011	0.03583174603
1417	0.090671768	0.03583174603
1418	0.09064606443	0.03583174603
1419	0.09063872941	0.03583174603
1420	0.09060946089	0.03583174603
1421	0.09059541449	0.03583174603
1422	0.09058741417	0.03583174603
1423	0.09055608462	0.03583174603
1424	0.09051776122	0.03583174603
1425	0.09046079307	0.03583174603
1426	0.09044535907	0.03583174603
1427	0.0904274769	0.03583174603
1428	0.0904087685	0.03583174603
1429	0.09037832331	0.03583174603
1430	0.09035857113	0.03583174603
1431	0.09032289223	0.03583174603
1432	0.09029058063	0.03583174603
1433	0.09027296351	0.03583174603
1434	0.09026095106	0.03583174603
1435	0.09023611915	0.03583174603
1436	0.09018872922	0.03583174603
1437	0.09017876078	0.03583174603
1438	0.09013637856	0.03583174603
1439	0.09011645457	0.03583174603
1440	0.09010507934	0.03583174603
1441	0.09009728831	0.03583174603
1442	0.09008535281	0.03583174603
1443	0.09005440623	0.03583174603
1444	0.09001795625	0.03583174603
1445	0.08998670841	0.03583174603
1446	0.08994577408	0.03583174603
1447	0.0899082639	0.03583174603
1448	0.08984480092	0.03583174603
1449	0.08981714984	0.03583174603
1450	0.08980339919	0.03583174603
1451	0.08978056177	0.03583174603
1452	0.08976641033	0.03583174603
1453	0.08973629368	0.03583174603
1454	0.08972744043	0.03583174603
1455	0.08970335688	0.03583174603
1456	0.08968325878	0.03583174603
1457	0.08964085151	0.03583174603
1458	0.08960479587	0.03583174603
1459	0.08959653061	0.03583174603
1460	0.089569714	0.03583174603
1461	0.08955861329	0.03583174603
1462	0.08953729445	0.03583174603
1463	0.08948493861	0.03583174603
1464	0.0894348059	0.03583174603
1465	0.089394785	0.03583174603
1466	0.08938128721	0.03583174603
1467	0.08935204103	0.03583174603
1468	0.08934632217	0.03583174603
1469	0.08932314542	0.03583174603
1470	0.08931007466	0.03583174603
1471	0.08929136163	0.03583174603
1472	0.08928461417	0.03583174603
1473	0.08927080637	0.03583174603
1474	0.08924535511	0.03583174603
1475	0.08922348298	0.03583174603
1476	0.08921008973	0.03583174603
1477	0.0891815136	0.03583174603
1478	0.08917012392	0.03583174603
1479	0.08915076285	0.03583174603
1480	0.0891165132	0.03583174603
1481	0.08910634283	0.03583174603
1482	0.08909650652	0.03583174603
1483	0.08908343419	0.03583174603
1484	0.08900876389	0.03583174603
1485	0.08899725085	0.03583174603
1486	0.08893448743	0.03583174603
1487	0.08889910851	0.03583174603
1488	0.08887338421	0.03583174603
1489	0.08884433045	0.03583174603
1490	0.08883589183	0.03583174603
1491	0.08879393293	0.03583174603
1492	0.08876150562	0.03583174603
1493	0.08873061049	0.03583174603
1494	0.08871289543	0.03583174603
1495	0.08869214148	0.03583174603
1496	0.08865466307	0.03583174603
1497	0.08862363573	0.03583174603
1498	0.08859528709	0.03583174603
1499	0.08857913833	0.03583174603
1500	0.08856691793	0.03583174603
1501	0.08854589891	0.03583174603
1502	0.08852367953	0.03583174603
1503	0.08849572522	0.03583174603
1504	0.08848872269	0.03583174603
1505	0.08846283307	0.03583174603
1506	0.08844633353	0.03583174603
1507	0.08842770761	0.03583174603
1508	0.08840658874	0.03583174603
1509	0.08838636431	0.03583174603
1510	0.08837057358	0.03583174603
1511	0.08834778834	0.03583174603
1512	0.08834482883	0.03583174603
1513	0.08833322741	0.03583174603
1514	0.08832509667	0.03583174603
1515	0.08829636402	0.03583174603
1516	0.08829088364	0.03583174603
1517	0.08826704922	0.03583174603
1518	0.08826353162	0.03583174603
1519	0.08822115899	0.03583174603
1520	0.08819724675	0.03583174603
1521	0.08818528999	0.03583174603
1522	0.08817485274	0.03583174603
1523	0.08814920423	0.03583174603
1524	0.08813276778	0.03583174603
1525	0.08812227117	0.03583174603
1526	0.08809118576	0.03583174603
1527	0.08804117005	0.03583174603
1528	0.08801700044	0.03583174603
1529	0.08799754234	0.03583174603
1530	0.08797652733	0.03583174603
1531	0.08796714828	0.03583174603
1532	0.08795470292	0.03583174603
1533	0.08792323348	0.03583174603
1534	0.08791129912	0.03583174603
1535	0.08787506785	0.03583174603
1536	0.08784132607	0.03583174603
1537	0.08783516427	0.03583174603
1538	0.08781650283	0.03583174603
1539	0.08777686608	0.03583174603
1540	0.08775026006	0.03583174603
1541	0.08773801413	0.03583174603
1542	0.0877189872	0.03583174603
1543	0.08769440666	0.03583174603
1544	0.08768197668	0.03583174603
1545	0.08765638353	0.03583174603
1546	0.08761155958	0.03583174603
1547	0.08759153817	0.03583174603
1548	0.0875758689	0.03583174603
1549	0.0875463595	0.03583174603
1550	0.08753993137	0.03583174603
1551	0.08752236462	0.03583174603
1552	0.08751172514	0.03583174603
1553	0.08749967189	0.03583174603
1554	0.08746757451	0.03583174603
1555	0.08745714365	0.03583174603
1556	0.08740691276	0.03583174603
1557	0.08739479251	0.03583174603
1558	0.08737836391	0.03583174603
1559	0.08733622225	0.03583174603
1560	0.08728191054	0.03583174603
1561	0.08724186334	0.03583174603
1562	0.08723521827	0.03583174603
1563	0.08721167527	0.03583174603
1564	0.08719076846	0.03583174603
1565	0.08718148881	0.03583174603
1566	0.08716826091	0.03583174603
1567	0.08715273475	0.03583174603
1568	0.08713394452	0.03583174603
1569	0.08710732755	0.03583174603
1570	0.0871043508	0.03583174603
1571	0.08707821801	0.03583174603
1572	0.08705191763	0.03583174603
1573	0.0870406849	0.03583174603
1574	0.0870207987	0.03583174603
1575	0.0870023522	0.03583174603
1576	0.08694962174	0.03583174603
1577	0.08692100831	0.03583174603
1578	0.08687171432	0.03583174603
1579	0.08682907864	0.03583174603
1580	0.08679804008	0.03583174603
1581	0.08677532854	0.03583174603
1582	0.08675275722	0.03583174603
1583	0.08672071387	0.03583174603
1584	0.08671196141	0.03583174603
1585	0.08667777811	0.03583174603
1586	0.08665913378	0.03583174603
1587	0.0866424277	0.03583174603
1588	0.08658871409	0.03583174603
1589	0.08653716334	0.03583174603
1590	0.08651639979	0.03583174603
1591	0.08650657783	0.03583174603
1592	0.08649712244	0.03583174603
1593	0.08648789771	0.03583174603
1594	0.08647124535	0.03583174603
1595	0.08644506324	0.03583174603
1596	0.08641777656	0.03583174603
1597	0.08640887463	0.03583174603
1598	0.08639675171	0.03583174603
1599	0.08638033291	0.03583174603
1600	0.08636785851	0.03583174603
1601	0.08636504609	0.03583174603
1602	0.08633791904	0.03583174603
1603	0.08632637889	0.03583174603
1604	0.08630817691	0.03583174603
1605	0.08626612797	0.03583174603
1606	0.08622972298	0.03583174603
1607	0.08619262369	0.03583174603
1608	0.08613092375	0.03583174603
1609	0.08609127366	0.03583174603
1610	0.08608015464	0.03583174603
1611	0.08605886468	0.03583174603
1612	0.08605229426	0.03583174603
1613	0.08603519191	0.03583174603
1614	0.0860195369	0.03583174603
1615	0.08600311464	0.03583174603
1616	0.08598742413	0.03583174603
1617	0.08596638778	0.03583174603
1618	0.08594656216	0.03583174603
1619	0.08593237995	0.03583174603
1620	0.08592018731	0.03583174603
1621	0.08591180514	0.03583174603
1622	0.08584369745	0.03583174603
1623	0.08579635212	0.03583174603
1624	0.08578141596	0.03583174603
1625	0.08573018131	0.03583174603
1626	0.0857221343	0.03583174603
1627	0.08570192069	0.03583174603
1628	0.08565042767	0.03583174603
1629	0.08563950586	0.03583174603
1630	0.08562993185	0.03583174603
1631	0.0855902122	0.03583174603
1632	0.08555431027	0.03583174603
1633	0.0855517672	0.03583174603
1634	0.08551677083	0.03583174603
1635	0.08550503577	0.03583174603
1636	0.08546621121	0.03583174603
1637	0.08546034534	0.03583174603
1638	0.08545188821	0.03583174603
1639	0.08543313005	0.03583174603
1640	0.0854255574	0.03583174603
1641	0.08541110025	0.03583174603
1642	0.0853840302	0.03583174603
1643	0.08535304863	0.03583174603
1644	0.08529957477	0.03583174603
1645	0.08527290234	0.03583174603
1646	0.08526552803	0.03583174603
1647	0.08525943806	0.03583174603
1648	0.08523623492	0.03583174603
1649	0.08519331126	0.03583174603
1650	0.08517806712	0.03583174603
1651	0.08515293338	0.03583174603
1652	0.0851367417	0.03583174603
1653	0.085114636	0.03583174603
1654	0.08506805312	0.03583174603
1655	0.08505680205	0.03583174603
1656	0.0850489984	0.03583174603
1657	0.0850308498	0.03583174603
1658	0.08502303146	0.03583174603
1659	0.08499940278	0.03583174603
1660	0.08497641523	0.03583174603
1661	0.08493995912	0.03583174603
1662	0.08491611948	0.03583174603
1663	0.08490947641	0.03583174603
1664	0.08488221482	0.03583174603
1665	0.08486165554	0.03583174603
1666	0.08484451634	0.03583174603
1667	0.08482677441	0.03583174603
1668	0.08479029183	0.03583174603
1669	0.08476143866	0.03583174603
1670	0.08473455012	0.03583174603
1671	0.08472821446	0.03583174603
1672	0.08469852661	0.03583174603
1673	0.08468754917	0.03583174603
1674	0.0846750166	0.03583174603
1675	0.084663356	0.03583174603
1676	0.08465675874	0.03583174603
1677	0.08464040942	0.03583174603
1678	0.08462637173	0.03583174603
1679	0.08461516346	0.03583174603
1680	0.08458333998	0.03583174603
1681	0.08456195386	0.03583174603
1682	0.0845211185	0.03583174603
1683	0.08449748063	0.03583174603
1684	0.08447250577	0.03583174603
1685	0.08445626059	0.03583174603
1686	0.0844431142	0.03583174603
1687	0.08442864992	0.03583174603
1688	0.08439802778	0.03583174603
1689	0.08438400065	0.03583174603
1690	0.08435053358	0.03583174603
1691	0.08432350995	0.03583174603
1692	0.08430084833	0.03583174603
1693	0.08427680782	0.03583174603
1694	0.0842607973	0.03583174603
1695	0.08423287565	0.03583174603
1696	0.08421074954	0.03583174603
1697	0.08419818916	0.03583174603
1698	0.08418091348	0.03583174603
1699	0.08417457661	0.03583174603
1700	0.08412494564	0.03583174603
1701	0.08411777715	0.03583174603
1702	0.08410981067	0.03583174603
1703	0.08405104818	0.03583174603
1704	0.08396590808	0.03583174603
1705	0.08393532944	0.03583174603
1706	0.08391619148	0.03583174603
1707	0.08390307232	0.03583174603
1708	0.0838878139	0.03583174603
1709	0.08387720863	0.03583174603
1710	0.08385202578	0.03583174603
1711	0.08381342755	0.03583174603
1712	0.08377900297	0.03583174603
1713	0.08377193258	0.03583174603
1714	0.08375965544	0.03583174603
1715	0.08375272065	0.03583174603
1716	0.08373387259	0.03583174603
1717	0.08371968496	0.03583174603
1718	0.08371011123	0.03583174603
1719	0.0836861075	0.03583174603
1720	0.08365922058	0.03583174603
1721	0.08364123649	0.03583174603
1722	0.08363428664	0.03583174603
1723	0.08361374771	0.03583174603
1724	0.08359813939	0.03583174603
1725	0.08357055603	0.03583174603
1726	0.08355372576	0.03583174603
1727	0.08354563735	0.03583174603
1728	0.08351159647	0.03583174603
1729	0.08350578066	0.03583174603
1730	0.08347734193	0.03583174603
1731	0.08347177414	0.03583174603
1732	0.08345963792	0.03583174603
1733	0.08345099696	0.03583174603
1734	0.08339593366	0.03583174603
1735	0.08337649519	0.03583174603
1736	0.08334851553	0.03583174603
1737	0.08333206408	0.03583174603
1738	0.08329149127	0.03583174603
1739	0.08327762225	0.03583174603
1740	0.08322940273	0.03583174603
1741	0.08322357101	0.03583174603
1742	0.08320028033	0.03583174603
1743	0.08317552384	0.03583174603
1744	0.0831588149	0.03583174603
1745	0.08314490589	0.03583174603
1746	0.08312221396	0.03583174603
1747	0.08310149868	0.03583174603
1748	0.08309551057	0.03583174603
1749	0.08307755801	0.03583174603
1750	0.08307044499	0.03583174603
1751	0.08302658555	0.03583174603
1752	0.08301979067	0.03583174603
1753	0.08299549776	0.03583174603
1754	0.08298363656	0.03583174603
1755	0.08296193613	0.03583174603
1756	0.08294095171	0.03583174603
1757	0.08292149275	0.03583174603
1758	0.08289269343	0.03583174603
1759	0.08288060392	0.03583174603
1760	0.08287314308	0.03583174603
1761	0.08285624864	0.03583174603
1762	0.08284490498	0.03583174603
1763	0.08283491021	0.03583174603
1764	0.08281575817	0.03583174603
1765	0.08279495145	0.03583174603
1766	0.08278248398	0.03583174603
1767	0.08277734724	0.03583174603
1768	0.0827288847	0.03583174603
1769	0.08271430613	0.03583174603
1770	0.08270397174	0.03583174603
1771	0.0826942353	0.03583174603
1772	0.08268373825	0.03583174603
1773	0.08265782491	0.03583174603
1774	0.08262177792	0.03583174603
1775	0.08261222903	0.03583174603
1776	0.08259980162	0.03583174603
1777	0.08259253163	0.03583174603
1778	0.08258683432	0.03583174603
1779	0.08257516358	0.03583174603
1780	0.0825401357	0.03583174603
1781	0.08252993662	0.03583174603
1782	0.08251542512	0.03583174603
1783	0.08250439873	0.03583174603
1784	0.08247023022	0.03583174603
1785	0.08243617086	0.03583174603
1786	0.0824126856	0.03583174603
1787	0.08240268946	0.03583174603
1788	0.08237498943	0.03583174603
1789	0.08236321595	0.03583174603
1790	0.08234246487	0.03583174603
1791	0.08230128516	0.03583174603
1792	0.08228125244	0.03583174603
1793	0.08226509	0.03583174603
1794	0.08224518767	0.03583174603
1795	0.08218893323	0.03583174603
1796	0.08215673245	0.03583174603
1797	0.08212391622	0.03583174603
1798	0.08208279319	0.03583174603
1799	0.08206814955	0.03583174603
1800	0.08205751491	0.03583174603
1801	0.08202970582	0.03583174603
1802	0.08200042693	0.03583174603
1803	0.08196721754	0.03583174603
1804	0.08195253902	0.03583174603
1805	0.08194369806	0.03583174603
1806	0.08193251554	0.03583174603
1807	0.08191639329	0.03583174603
1808	0.08185492829	0.03583174603
1809	0.08183864368	0.03583174603
1810	0.08181459832	0.03583174603
1811	0.08178690534	0.03583174603
1812	0.08177871451	0.03583174603
1813	0.08176468171	0.03583174603
1814	0.08175404603	0.03583174603
1815	0.08172229822	0.03583174603
1816	0.08170756537	0.03583174603
1817	0.08169842402	0.03583174603
1818	0.08167515053	0.03583174603
1819	0.08166606551	0.03583174603
1820	0.08163594172	0.03583174603
1821	0.08160436601	0.03583174603
1822	0.08158144008	0.03583174603
1823	0.08157498013	0.03583174603
1824	0.08154048695	0.03583174603
1825	0.0815265415	0.03583174603
1826	0.08152027227	0.03583174603
1827	0.08150033872	0.03583174603
1828	0.08147683123	0.03583174603
1829	0.08145060827	0.03583174603
1830	0.08138069373	0.03583174603
1831	0.08134336795	0.03583174603
1832	0.08130697089	0.03583174603
1833	0.08128396757	0.03583174603
1834	0.08127097663	0.03583174603
1835	0.0812607841	0.03583174603
1836	0.08123690255	0.03583174603
1837	0.08121937636	0.03583174603
1838	0.08120709503	0.03583174603
1839	0.08117458729	0.03583174603
1840	0.08114227471	0.03583174603
1841	0.08110646606	0.03583174603
1842	0.08108434031	0.03583174603
1843	0.08103710414	0.03583174603
1844	0.08102816831	0.03583174603
1845	0.08101325363	0.03583174603
1846	0.08097865516	0.03583174603
1847	0.08096820576	0.03583174603
1848	0.08095964806	0.03583174603
1849	0.08094295792	0.03583174603
1850	0.08092446321	0.03583174603
1851	0.08091378839	0.03583174603
1852	0.08090692783	0.03583174603
1853	0.08085464317	0.03583174603
1854	0.08084133285	0.03583174603
1855	0.08080033275	0.03583174603
1856	0.08076615396	0.03583174603
1857	0.08075395521	0.03583174603
1858	0.08073945524	0.03583174603
1859	0.08073002542	0.03583174603
1860	0.08070989935	0.03583174603
1861	0.08067503455	0.03583174603
1862	0.08065733594	0.03583174603
1863	0.08064973691	0.03583174603
1864	0.0806140372	0.03583174603
1865	0.08056962769	0.03583174603
1866	0.08056462805	0.03583174603
1867	0.08055816529	0.03583174603
1868	0.08053861362	0.03583174603
1869	0.08052687914	0.03583174603
1870	0.08052202392	0.03583174603
1871	0.08047009288	0.03583174603
1872	0.08041648567	0.03583174603
1873	0.08039476116	0.03583174603
1874	0.08037852354	0.03583174603
1875	0.08033946597	0.03583174603
1876	0.0802995515	0.03583174603
1877	0.08026847973	0.03583174603
1878	0.08025304171	0.03583174603
1879	0.08024757102	0.03583174603
1880	0.08021173422	0.03583174603
1881	0.08018631425	0.03583174603
1882	0.08017682015	0.03583174603
1883	0.08015442861	0.03583174603
1884	0.08014596325	0.03583174603
1885	0.0801178296	0.03583174603
1886	0.08006440055	0.03583174603
1887	0.08002921604	0.03583174603
1888	0.08000884475	0.03583174603
1889	0.08000010067	0.03583174603
1890	0.07998304439	0.03583174603
1891	0.07996286526	0.03583174603
1892	0.07991288494	0.03583174603
1893	0.07987644741	0.03583174603
1894	0.07986042218	0.03583174603
1895	0.07985331099	0.03583174603
1896	0.07982784887	0.03583174603
1897	0.0798200412	0.03583174603
1898	0.07979968407	0.03583174603
1899	0.07978277158	0.03583174603
1900	0.07975158814	0.03583174603
1901	0.07973970533	0.03583174603
1902	0.07972130883	0.03583174603
1903	0.079705502	0.03583174603
1904	0.07968901792	0.03583174603
1905	0.07965073146	0.03583174603
1906	0.07963963506	0.03583174603
1907	0.0796355468	0.03583174603
1908	0.0796303361	0.03583174603
1909	0.07962177097	0.03583174603
1910	0.07960580729	0.03583174603
1911	0.07958963628	0.03583174603
1912	0.07957651346	0.03583174603
1913	0.07956753295	0.03583174603
1914	0.07955257504	0.03583174603
1915	0.07953873159	0.03583174603
1916	0.07953665397	0.03583174603
1917	0.07951919051	0.03583174603
1918	0.0795035677	0.03583174603
1919	0.07948895486	0.03583174603
1920	0.07947789535	0.03583174603
1921	0.07947045556	0.03583174603
1922	0.07946456797	0.03583174603
1923	0.07940760117	0.03583174603
1924	0.0793987284	0.03583174603
1925	0.07938757905	0.03583174603
1926	0.07935074962	0.03583174603
1927	0.07933713614	0.03583174603
1928	0.07929745878	0.03583174603
1929	0.07927523333	0.03583174603
1930	0.07926392993	0.03583174603
1931	0.07925490423	0.03583174603
1932	0.0792407082	0.03583174603
1933	0.07922574206	0.03583174603
1934	0.07920947355	0.03583174603
1935	0.07918773403	0.03583174603
1936	0.07917879757	0.03583174603
1937	0.07917061885	0.03583174603
1938	0.07915041446	0.03583174603
1939	0.0791417258	0.03583174603
1940	0.0791245613	0.03583174603
1941	0.0791150342	0.03583174603
1942	0.07909674498	0.03583174603
1943	0.07906658054	0.03583174603
1944	0.07905441207	0.03583174603
1945	0.07904130349	0.03583174603
1946	0.07903059082	0.03583174603
1947	0.07901038715	0.03583174603
1948	0.0790058591	0.03583174603
1949	0.07897226476	0.03583174603
1950	0.07895792544	0.03583174603
1951	0.07892719903	0.03583174603
1952	0.0789193051	0.03583174603
1953	0.07890826185	0.03583174603
1954	0.07889523126	0.03583174603
1955	0.0788806898	0.03583174603
1956	0.07886090743	0.03583174603
1957	0.07884465311	0.03583174603
1958	0.07883893613	0.03583174603
1959	0.07882354686	0.03583174603
1960	0.07881559235	0.03583174603
1961	0.07879350947	0.03583174603
1962	0.07877687515	0.03583174603
1963	0.07876829131	0.03583174603
1964	0.0787574585	0.03583174603
1965	0.07875160035	0.03583174603
1966	0.07872960272	0.03583174603
1967	0.07872073177	0.03583174603
1968	0.07871223134	0.03583174603
1969	0.07867367097	0.03583174603
1970	0.07865601252	0.03583174603
1971	0.07863964297	0.03583174603
1972	0.07862380014	0.03583174603
1973	0.07860658087	0.03583174603
1974	0.07859457136	0.03583174603
1975	0.07856562447	0.03583174603
1976	0.07853763559	0.03583174603
1977	0.07852346223	0.03583174603
1978	0.07851662593	0.03583174603
1979	0.07850386746	0.03583174603
1980	0.07847471054	0.03583174603
1981	0.07846170969	0.03583174603
1982	0.0784431789	0.03583174603
1983	0.078439138	0.03583174603
1984	0.07840417192	0.03583174603
1985	0.07836689721	0.03583174603
1986	0.07834930022	0.03583174603
1987	0.07833098093	0.03583174603
1988	0.07831803622	0.03583174603
1989	0.07831055023	0.03583174603
1990	0.07829482881	0.03583174603
1991	0.078254855	0.03583174603
1992	0.07822703091	0.03583174603
1993	0.07822040291	0.03583174603
1994	0.0782010987	0.03583174603
1995	0.07819161385	0.03583174603
1996	0.07817983762	0.03583174603
1997	0.07817799389	0.03583174603
1998	0.07814316208	0.03583174603
1999	0.07812987117	0.03583174603
